reyes - Adrian Reyes
ardoon - Adrien Lehmen
aiden - Aiden Burk
daniel - Daniel Ohana
josh - Joshua Carol
dawson - Dawson Matthews
jason - Jason Kohn
cereal - Liam Moore
marco - Marco Luis
meko - Marco Cherabuga
sebastian - Sebastian Q
sernas - Chris sernas
abiel - Abiel Jimenez
liam - Liam Pinz
heath - Heath Sachson
jack - Jack Niccol
alfred - alfred Luis